Area,Median_Home_Price_2024,Median_Home_Price_2025,Price_Change_Percent,Housing_Demand_Level
Inner Loop,485000,495000,2.06,Very High
Energy Corridor,415000,425000,2.41,High
Katy,385000,395000,2.6,Very High
Cypress,320000,335000,4.69,High
The Woodlands,475000,485000,2.11,Very High
Sugar Land,485000,495000,2.06,Very High
Pearland,365000,375000,2.74,High
Kingwood,425000,435000,2.35,Moderate
Heights,525000,545000,3.81,Very High
Midtown,445000,465000,4.49,High
Downtown,375000,385000,2.67,Moderate
Memorial,625000,645000,3.2,Very High
River Oaks,1250000,1285000,2.8,High
Bellaire,775000,795000,2.58,High
West University,950000,975000,2.63,High
