Area,2020_Population,2025_Population,Growth_Rate_2020_2025,Annual_Growth_Rate
City of Houston,2304580,2319119,0.63,0.13
Harris County,4731122,4942701,4.47,0.89
Fort Bend County,822779,916778,11.43,2.29
Montgomery County,620443,711354,14.64,2.93
Waller County,56794,63553,11.9,2.38
Liberty County,91628,108272,18.17,3.63
Chambers County,45413,48580,6.97,1.39
Fulshear,16817,54629,224.58,44.92
Conroe,89084,98762,10.86,2.17
Katy,21894,25800,17.84,3.57
Cypress,181637,210000,15.63,3.13
The Woodlands,118365,125000,5.61,1.12
Sugar Land,118488,125000,5.5,1.1
Energy Corridor,85000,90000,5.88,1.18
Downtown Houston,9995,12000,20.07,4.01
