Analysis Category,Key Findings,Competitive Implications,Strategic Recommendations
Market Leadership,D.R. Horton and Lennar dominate residential with 644 permits combined,"Consolidation among top builders, scale advantages critical",Focus on scale and operational efficiency
Geographic Expansion,Grand Parkway corridor and Northwest Far submarket leading growth,Early positioning in growth corridors provides competitive advantage,Prioritize Grand Parkway and emerging suburban corridors
Development Strategy,Shift toward master-planned communities and mixed-use developments,"Amenity-rich, walkable communities increasingly differentiated",Invest in master-planning and mixed-use capabilities
Land Acquisition,Large portfolio acquisitions ($800M+ deals) and strategic partnerships,Financial capacity for large deals separates major from minor players,Build financial capacity for portfolio acquisitions
Competitive Positioning,"Flight to quality in office, industrial/warehouse sector strength",Quality and location trump quantity in current market,"Emphasize quality, amenities, and strategic locations"
Market Trends,"Smaller residential lots, suburban retail focus, urban core redevelopment",Adaptation to changing consumer preferences essential,"Develop flexible, adaptable development models"
Investment Patterns,"Industrial leading with $25.4M SF, mixed-use at $12.3M SF",Industrial/warehouse development offers strongest returns,Consider industrial/warehouse development opportunities
Infrastructure Impact,"Streamlined permitting, public-private partnerships increasing",Regulatory relationships and process expertise valuable,Strengthen relationships with regulatory bodies
Economic Drivers,"Population growth (+125K), employment growth (+53.7K jobs)",Houston remains attractive for corporate relocations,Leverage Houston's economic diversity and growth
Future Outlook,"Continued suburban expansion, industrial strength, mixed-use focus",Long-term growth prospects support continued investment,Maintain long-term perspective on market cycles
